epoch,train_acc,val_acc,train_loss,val_loss
1,36.10679577832735,43.60546113123433,2.5076556808252835,1.4571865033093652
2,52.12685917308161,52.49373084424631,2.0747478103275614,1.240819084275629
