epoch,train_acc,val_acc,train_loss,val_loss
1,27.900658330140374,21.147952075787128,2.4078697349514524,1.8572421670126098
