epoch,train_acc,val_acc,train_loss,val_loss
1,39.06092166219652,43.43828364446921,1.6073815564160197,1.487080579615795
