epoch,train_acc,val_acc,train_loss,val_loss
1,27.900658330140374,21.147952075787128,2.4078697349514524,1.8572421670126098
2,40.705005399003795,17.44218445249373,1.533289261831585,1.9276170841861682
3,48.23574488836253,17.44218445249373,1.3621585946408779,2.026204835375427
4,54.03531993451531,16.299804959598774,1.2220382838750974,2.193322052162449
