epoch,train_acc,val_acc,train_loss,val_loss
1,27.900658330140374,21.147952075787128,2.4078697349514524,1.8572421670126098
2,40.705005399003795,17.44218445249373,1.533289261831585,1.9276170841861682
3,48.23574488836253,17.44218445249373,1.3621585946408779,2.026204835375427
4,54.03531993451531,16.299804959598774,1.2220382838750974,2.193322052162449
5,59.747814274269395,20.702145444413485,1.0792008903549857,1.9845800287512958
6,65.8643630917134,17.135692393424353,0.934832389322982,2.533310967124116
7,70.69560068271274,29.00529395374756,0.811172302817139,2.0843228610254787
8,75.58953638231914,32.93396489272778,0.6818541842193089,2.780092238184136
